{
  "model": "svm_linear",
  "cv_mean": 0.9541230705480162,
  "cv_std": 0.010225115452903484,
  "cv_folds": 5,
  "full_accuracy": 0.9541284403669725
}