{
  "model": "logreg_l2",
  "cv_mean": 0.9266031285610691,
  "cv_std": 0.02296041868467552,
  "cv_folds": 5,
  "full_accuracy": 0.926605504587156
}