model,cv_mean,cv_std,cv_folds,full_accuracy
logreg_l2,0.9266031285610691,0.02296041868467552,5,0.926605504587156
svm_linear,0.9541230705480162,0.010225115452903484,5,0.9541284403669725
